{
    "step": 15,
    "eval_loss": 0.21878096461296082,
    "eval_accuracy": 1.0,
    "eval_runtime": 0.0596,
    "eval_samples_per_second": 503.206,
    "eval_steps_per_second": 33.547,
    "epoch": 15.0,
    "train_runtime": 32.7058,
    "train_samples_per_second": 54.578,
    "train_steps_per_second": 6.88,
    "train_loss": 0.546280517578125
}