{
    "step": 12,
    "eval_loss": 0.23460157215595245,
    "eval_accuracy": 1.0,
    "eval_runtime": 0.0384,
    "eval_samples_per_second": 417.043,
    "eval_steps_per_second": 26.065,
    "epoch": 12.0,
    "train_runtime": 28.8554,
    "train_samples_per_second": 59.469,
    "train_steps_per_second": 7.486,
    "train_loss": 0.5430640467890987
}