{
    "step": 15,
    "eval_loss": 0.4073861837387085,
    "eval_accuracy": 0.8333333333333334,
    "eval_runtime": 0.0593,
    "eval_samples_per_second": 505.547,
    "eval_steps_per_second": 33.703,
    "epoch": 15.0,
    "train_runtime": 35.4074,
    "train_samples_per_second": 50.413,
    "train_steps_per_second": 6.355,
    "train_loss": 0.4610311550564236
}