{
    "step": 15,
    "eval_loss": 0.37466639280319214,
    "eval_accuracy": 0.9333333333333333,
    "eval_runtime": 0.0709,
    "eval_samples_per_second": 423.248,
    "eval_steps_per_second": 28.217,
    "epoch": 15.0,
    "train_runtime": 36.5019,
    "train_samples_per_second": 48.902,
    "train_steps_per_second": 6.164,
    "train_loss": 0.5384310913085938
}