{
    "step": 15,
    "eval_loss": 0.40176740288734436,
    "eval_accuracy": 0.9,
    "eval_runtime": 0.0768,
    "eval_samples_per_second": 390.785,
    "eval_steps_per_second": 26.052,
    "epoch": 15.0,
    "train_runtime": 37.0553,
    "train_samples_per_second": 48.576,
    "train_steps_per_second": 6.072,
    "train_loss": 0.5825709364149305
}