{
    "step": 15,
    "eval_loss": 0.44431087374687195,
    "eval_accuracy": 0.9333333333333333,
    "eval_runtime": 0.0609,
    "eval_samples_per_second": 492.384,
    "eval_steps_per_second": 32.826,
    "epoch": 15.0,
    "train_runtime": 36.5319,
    "train_samples_per_second": 49.272,
    "train_steps_per_second": 6.159,
    "train_loss": 0.5897553168402778
}