{
    "step": 12,
    "eval": {
        "loss": 0.5044291019439697,
        "accuracy": 0.875,
        "runtime": 0.0591,
        "samples_per_second": 270.622,
        "steps_per_second": 16.914
    },
    "epoch": 12.0,
    "train": {
        "runtime": 47.8139,
        "samples_per_second": 34.383,
        "steps_per_second": 4.518,
        "loss": 0.563738469724302
    }
}