{
    "step": 10,
    "eval_loss": 0.633551836013794,
    "eval_accuracy": 0.7,
    "eval_runtime": 0.1263,
    "eval_samples_per_second": 237.569,
    "eval_steps_per_second": 15.838,
    "epoch": 10.0,
    "train_runtime": 37.8566,
    "train_samples_per_second": 31.434,
    "train_steps_per_second": 3.962,
    "train_loss": 0.7423772176106771
}