{
    "step": 12,
    "eval_loss": 0.3301132321357727,
    "eval_accuracy": 0.9375,
    "eval_runtime": 0.0403,
    "eval_samples_per_second": 396.685,
    "eval_steps_per_second": 24.793,
    "epoch": 12.0,
    "train_runtime": 29.5909,
    "train_samples_per_second": 57.991,
    "train_steps_per_second": 7.3,
    "train_loss": 0.49762732894332323
}