{
    "step": 20,
    "eval_loss": 0.10184264183044434,
    "eval_accuracy": 1.0,
    "eval_runtime": 0.1033,
    "eval_samples_per_second": 290.495,
    "eval_steps_per_second": 19.366,
    "epoch": 20.0,
    "train_runtime": 49.845,
    "train_samples_per_second": 47.748,
    "train_steps_per_second": 6.019,
    "train_loss": 0.36584693908691407
}