{
    "step": 8,
    "eval_loss": 0.4055614173412323,
    "eval_accuracy": 0.875,
    "eval_runtime": 0.0901,
    "eval_samples_per_second": 177.577,
    "eval_steps_per_second": 11.099,
    "epoch": 8.0,
    "train_runtime": 31.7321,
    "train_samples_per_second": 36.052,
    "train_steps_per_second": 4.538,
    "train_loss": 0.6278799904717339
}