{
    "step": 15,
    "eval_loss": 0.3609841763973236,
    "eval_accuracy": 0.9,
    "eval_runtime": 0.0784,
    "eval_samples_per_second": 382.415,
    "eval_steps_per_second": 25.494,
    "epoch": 15.0,
    "train_runtime": 32.9387,
    "train_samples_per_second": 54.192,
    "train_steps_per_second": 6.831,
    "train_loss": 0.5045426432291666
}