{
    "step": 12,
    "eval": {
        "loss": 0.5616878271102905,
        "accuracy": 0.8125,
        "runtime": 0.037,
        "samples_per_second": 432.358,
        "steps_per_second": 27.022
    },
    "epoch": 12.0,
    "train": {
        "runtime": 31.104,
        "samples_per_second": 52.855,
        "steps_per_second": 6.944,
        "loss": 0.5529807761863426
    }
}