{
    "step": 12,
    "eval_loss": 0.5621484518051147,
    "eval_accuracy": 0.875,
    "eval_runtime": 0.0435,
    "eval_samples_per_second": 367.682,
    "eval_steps_per_second": 22.98,
    "epoch": 12.0,
    "train_runtime": 32.81,
    "train_samples_per_second": 52.667,
    "train_steps_per_second": 6.583,
    "train_loss": 0.6851150371410228
}