{
    "step": 15,
    "eval_loss": 0.22761258482933044,
    "eval_accuracy": 0.9666666666666667,
    "eval_runtime": 0.1613,
    "eval_samples_per_second": 185.956,
    "eval_steps_per_second": 12.397,
    "epoch": 15.0,
    "train_runtime": 60.6577,
    "train_samples_per_second": 29.427,
    "train_steps_per_second": 3.709,
    "train_loss": 0.44257771809895835
}